Date, AM Time, Accomplished, Goal, Todo/Calendar, AM Eye,, Make Bed,, AM Exercise,, AM Jaw,, AM Meds,, AM Food,, AM Teeth,, AM Bathe,, AM Fissure,, AM Dressed,, Awareness,, AM Eye 2,, Lunch,, Lunch Meds,, Lunch Fissure,, Shielding,, Welding,, EEG,, Organization,, Travel Prep,, Academic,, PM Eye,, PM Food,, PM Meds,, PM Teeth,, PM Fissure,, PM Exercise,, PM Jaw,, PM Eye,, Dental Guard,, PM Time, Other,, Notes
Date      , Time,Actua,Goal ,T,EY,,MB,,PT  ,    ,  JE,    ,MD,,FD,,BT,,  SH,,FT,,CL,,SS,,EY,,FD ,   ,MD,,FT,,EM ,   ,WL,,OV ,   ,PL ,   ,PK,,EE,,EY,,FD,,MD,,BT,,FT,,PT  ,    ,JE  ,    ,EY,,DG,, Time,Ot,,N
          ,     ,     ,     , ,A,G,A,G,Actu,Goal,Actu,Goal,A,G,A,G,A,G,  A,G,A,G,A,G,A,G,A,G,Act,Goa,A,G,A,G,Act,Goa,A,G,Act,Goa,Act,Goa,A,G,A,G,A,G,A,G,A,G,A,G,A,G,Actu,Goal,Actu,Goal,A,G,A,G,     ,A,G,
          ,     ,     ,     , , , , , ,    ,    ,    ,    , , , , , , ,   , , , , , , , , , ,   ,   , , , , ,   ,   , , ,   ,   ,   ,   , , , , , , , , , , , , , , ,    ,    ,    ,    , , , , ,     , , ,
# multi-tasking practice?,     ,     ,     , , , , , ,    ,    ,    ,    , , , , , , ,   , , , , , , , , , ,   ,   , , , , ,   ,   , , ,   ,   ,   ,   , , , , , , , , , , , , , , ,    ,    ,    ,    , , , , ,     , , ,
          ,     ,     ,     , , , , , ,    ,    ,    ,    , , , , , , ,   , , , , , , , , , ,   ,   , , , , ,   ,   , , ,   ,   ,   ,   , , , , , , , , , , , , , , ,    ,    ,    ,    , , , , ,     , , ,
2019-05-02,     ,     ,     , , , , , ,    ,    ,    ,    , , , , , , ,   , , , , , , , , , ,   ,   , , , , ,   ,   , , ,   ,   ,   ,   , , , , , , , , , , , , , , ,    ,    ,    ,    , , , , ,     , , ,
2019-05-01,     ,     ,     , , , , , ,    ,    ,    ,    , , , , , , ,   , , , , , , , , , ,   ,   , , , , ,   ,   , , ,   ,   ,   ,   , , , , , , , , , , , , , , ,    ,    ,    ,    , , , , ,     , , ,
2019-04-30,     ,     ,     , , , , , ,    ,    ,    ,    , , , , , , ,   , , , , , , , , , ,   ,   , , , , ,   ,   , , ,   ,   ,   ,   , , , , , , , , , , , , , , ,    ,    ,    ,    , , , , ,     , , ,
2019-04-29,     ,     ,     , , , , , ,    ,    ,    ,    , , , , , , ,   , , , , , , , , , ,   ,   , , , , ,   ,   , , ,   ,   ,   ,   , , , , , , , , , , , , , , ,    ,    ,    ,    , , , , ,     , , ,
2019-04-28,     ,     ,     , , , , , ,    ,    ,    ,    , , , , , , ,   , , , , , , , , , ,   ,   , , , , ,   ,   , , ,   ,   ,   ,   , , , , , , , , , , , , , , ,    ,    ,    ,    , , , , ,     , , ,
2019-04-27,     ,     ,     , , , , , ,    ,    ,    ,    , , , , , , ,   , , , , , , , , , ,   ,   , , , , ,   ,   , , ,   ,   ,   ,   , , , , , , , , , , , , , , ,    ,    ,    ,    , , , , ,     , , ,
2019-04-26,     ,     ,     , , , , , ,    ,    ,    ,    , , , , , , ,   , , , , , , , , , ,   ,   , , , , ,   ,   , , ,   ,   ,   ,   , , , , , , , , , , , , , , ,    ,    ,    ,    , , , , ,     , , ,
2019-04-25,     ,     ,     , , , , , ,    ,    ,    ,    , , , , , , ,   , , , , , , , , , ,   ,   , , , , ,   ,   , , ,   ,   ,   ,   , , , , , , , , , , , , , , ,    ,    ,    ,    , , , , ,     , , ,
2019-04-24,     ,     ,     , , , , , ,    ,    ,    ,    , , , , , , ,   , , , , , , , , , ,   ,   , , , , ,   ,   , , ,   ,   ,   ,   , , , , , , , , , , , , , , ,    ,    ,    ,    , , , , ,     , , ,
2019-04-23,     ,     ,     , ,1, , ,0,    ,   0,    ,   0,1, ,1, ,1, ,   ,0, ,0, ,0, ,0,1, ,   ,   ,0, , ,0,   ,  0, ,0,  1,   ,   ,  0,1, , ,0, ,1, ,1, , , ,1, ,0,    ,   0,    ,   0, ,1, ,1,     , , ,
2019-04-22,     ,     ,     , , , , , ,    ,    ,    ,    , , , , , , ,   , , , , , , , , , ,   ,   , , , , ,   ,   , , ,   ,   ,   ,   , , , , , , , , , , , , , , ,    ,    ,    ,    , , , , ,     , , ,
2019-04-21,     ,     ,     , , , , , ,    ,    ,    ,    , , , , , , ,   , , , , , , , , , ,   ,   , , , , ,   ,   , , ,   ,   ,   ,   , , , , , , , , , , , , , , ,    ,    ,    ,    , , , , ,     , , ,
2019-04-20,     ,     ,     , , , , , ,    ,    ,    ,    , , , , , , ,   , , , , , , , , , ,   ,   , , , , ,   ,   , , ,   ,   ,   ,   , , , , , , , , , , , , , , ,    ,    ,    ,    , , , , ,     , , ,
2019-04-19,     ,     ,     , , , , , ,    ,    ,    ,    , , , , , , ,   , , , , , , , , , ,   ,   , , , , ,   ,   , , ,   ,   ,   ,   , , , , , , , , , , , , , , ,    ,    ,    ,    , , , , ,     , , ,
2019-04-18,     ,     ,     , , , , , ,    ,    ,    ,    , , , , , , ,   , , , , , , , , , ,   ,   , , , , ,   ,   , , ,   ,   ,   ,   , , , , , , , , , , , , , , ,    ,    ,    ,    , , , , ,     , , ,
2019-04-17,     ,     ,     , , , , , ,    ,    ,    ,    , , , , , , ,   , , , , , , , , , ,   ,   , , , , ,   ,   , , ,   ,   ,   ,   , , , , , , , , , , , , , , ,    ,    ,    ,    , , , , ,     , , ,
2019-04-16,     ,     ,     , , , , , ,    ,    ,    ,    , , , , , , ,   , , , , , , , , , ,   ,   , , , , ,   ,   , , ,   ,   ,   ,   , , , , , , , , , , , , , , ,    ,    ,    ,    , , , , ,     , , ,
2019-04-15,     ,     ,     , , , , , ,    ,    ,    ,    , , , , , , ,   , , , , , , , , , ,   ,   , , , , ,   ,   , , ,   ,   ,   ,   , , , , , , , , , , , , , , ,    ,    ,    ,    , , , , ,     , , ,
2019-04-14,     ,     ,     , , , , , ,    ,    ,    ,    , , , , , , ,   , , , , , , , , , ,   ,   , , , , ,   ,   , , ,   ,   ,   ,   , , , , , , , , , , , , , , ,    ,    ,    ,    , , , , ,     , , ,
2019-04-13,     ,     ,     , , , , , ,    ,    ,    ,    , , , , , , ,   , , , , , , , , , ,   ,   , , , , ,   ,   , , ,   ,   ,   ,   , , , , , , , , , , , , , , ,    ,    ,    ,    , , , , ,     , , ,
2019-04-12,     ,     ,     , , , , , ,    ,    ,    ,    , , , , , , ,   , , , , , , , , , ,   ,   , , , , ,   ,   , , ,   ,   ,   ,   , , , , , , , , , , , , , , ,    ,    ,    ,    , , , , ,     , , ,
2019-04-11,     ,     ,     , , , , , ,    ,    ,    ,    , , , , , , ,   , , , , , , , , , ,   ,   , , , , ,   ,   , , ,   ,   ,   ,   , , , , , , , , , , , , , , ,    ,    ,    ,    , , , , ,     , , ,
2019-04-10,     ,     ,     , , , , , ,    ,    ,    ,    , , , , , , ,   , , , , , , , , , ,   ,   , , , , ,   ,   , , ,   ,   ,   ,   , , , , , , , , , , , , , , ,    ,    ,    ,    , , , , ,     , , ,
2019-04-09,     ,     ,     , , , , , ,    ,    ,    ,    , , , , , , ,   , , , , , , , , , ,   ,   , , , , ,   ,   , , ,   ,   ,   ,   , , , , , , , , , , , , , , ,    ,    ,    ,    , , , , ,     , , ,
2019-04-08,     ,     ,     , , , , , ,    ,    ,    ,    , , , , , , ,   , , , , , , , , , ,   ,   , , , , ,   ,   , , ,   ,   ,   ,   , , , , , , , , , , , , , , ,    ,    ,    ,    , , , , ,     , , ,
2019-04-07,     ,     ,     , , , , , ,    ,    ,    ,    , , , , , , ,   , , , , , , , , , ,   ,   , , , , ,   ,   , , ,   ,   ,   ,   , , , , , , , , , , , , , , ,    ,    ,    ,    , , , , ,     , , ,
2019-04-06,     ,     ,     , , , , , ,    ,    ,    ,    , , , , , , ,   , , , , , , , , , ,   ,   , , , , ,   ,   , , ,   ,   ,   ,   , , , , , , , , , , , , , , ,    ,    ,    ,    , , , , ,     , , ,
2019-04-05,     ,     ,     , , , , , ,    ,    ,    ,    , , , , , , ,   , , , , , , , , , ,   ,   , , , , ,   ,   , , ,   ,   ,   ,   , , , , , , , , , , , , , , ,    ,    ,    ,    , , , , ,     , , ,
2019-04-04,     ,     ,     , , , , , ,    ,    ,    ,    , , , , , , ,   , , , , , , , , , ,   ,   , , , , ,   ,   , , ,   ,   ,   ,   , , , , , , , , , , , , , , ,    ,    ,    ,    , , , , ,     , , ,
2019-04-03,     ,     ,     , , , , , ,    ,    ,    ,    , , , , , , ,   , , , , , , , , , ,   ,   , , , , ,   ,   , , ,   ,   ,   ,   , , , , , , , , , , , , , , ,    ,    ,    ,    , , , , ,     , , ,
2019-04-02,     ,     ,     , , , , , ,    ,    ,    ,    , , , , , , ,   , , , , , , , , , ,   ,   , , , , ,   ,   , , ,   ,   ,   ,   , , , , , , , , , , , , , , ,    ,    ,    ,    , , , , ,     , , ,
2019-04-01,     ,     ,     , , , , , ,    ,    ,    ,    , , , , , , ,   , , , , , , , , , ,   ,   , , , , ,   ,   , , ,   ,   ,   ,   , , , , , , , , , , , , , , ,    ,    ,    ,    , , , , ,     , , ,
2019-03-31,     ,     ,     , , , , , ,    ,    ,    ,    , , , , , , ,   , , , , , , , , , ,   ,   , , , , ,   ,   , , ,   ,   ,   ,   , , , , , , , , , , , , , , ,    ,    ,    ,    , , , , ,     , , ,
2019-03-30,     ,     ,     , , , , , ,    ,    ,    ,    , , , , , , ,   , , , , , , , , , ,   ,   , , , , ,   ,   , , ,   ,   ,   ,   , , , , , , , , , , , , , , ,    ,    ,    ,    , , , , ,     , , ,
2019-03-29,     ,     ,     , , , , , ,    ,    ,    ,    , , , , , , ,   , , , , , , , , , ,   ,   , , , , ,   ,   , , ,   ,   ,   ,   , , , , , , , , , , , , , , ,    ,    ,    ,    , , , , ,     , , ,
2019-03-28,     ,     ,     , , , , , ,    ,    ,    ,    , , , , , , ,   , , , , , , , , , ,   ,   , , , , ,   ,   , , ,   ,   ,   ,   , , , , , , , , , , , , , , ,    ,    ,    ,    , , , , ,     , , ,
2019-03-27,     ,     ,     , , , , , ,    ,    ,    ,    , , , , , , ,   , , , , , , , , , ,   ,   , , , , ,   ,   , , ,   ,   ,   ,   , , , , , , , , , , , , , , ,    ,    ,    ,    , , , , ,     , , ,
2019-03-26,05:19,     ,     , , ,1, , ,    ,    ,    ,    , ,1, ,1,1,2,   ,1, , , ,1, , , ,1,   ,   , , , , ,   ,   , , ,   ,   ,   ,   , , , , , , , , , , , , , , ,    ,    ,    ,    , , , , ,     , ,1,O:mail
2019-03-25,     ,     ,     , , , , , ,    ,    ,    ,    , , , , , , ,   , , , , , , , , , ,   ,   , , , , ,   ,   , , ,   ,   ,   ,   , , , , , , , , , , , , , , ,    ,    ,    ,    ,1, , , ,     , , ,
2019-03-24,06:17,     ,     , , ,1, ,1,    ,    ,    ,    , ,1, ,1,1, ,   ,1, ,0, ,1, ,0, ,1,   ,   , , , , ,   ,   , , ,   ,   ,   ,   , , , , , , , , , , , , , , ,    ,    ,    ,    , ,1, ,1,     ,1,1,O:caving trip; went !!
2019-03-23,     ,     ,     , , , , , ,    ,    ,    ,    , , , , , , ,   , , , , , , , , , ,   ,   , , , , ,   ,   , , ,   ,   ,   ,   , , , , , , , , , , , , , , ,    ,    ,    ,    ,1, ,0, ,     , , ,
2019-03-22,     ,     ,     , , , , , ,    ,    ,    ,    , , , , , , ,   , , , , , , , , , ,   ,   , , , , ,   ,   , , ,   ,   ,   ,   , , , , , , , , , , , , , , ,    ,    ,    ,    , , , , ,     , , ,
2019-03-21,     ,     ,     , , , , , ,    ,    ,    ,    , , , , , , ,   , , , , , , , , , ,   ,   , , , , ,   ,   , , ,   ,   ,   ,   , , , , , , , , , , , , , , ,    ,    ,    ,    , , , , ,     , , ,
2019-03-20,     ,     ,     , , , , , ,    ,    ,    ,    , , , , , , ,   , , , , , , , , , ,   ,   , , , , ,   ,   , , ,   ,   ,   ,   , , , , , , , , , , , , , , ,    ,    ,    ,    , , , , ,     , , ,
2019-03-19,     ,     ,     , , , , , ,    ,    ,    ,    , , , , , , ,   , , , , , , , , , ,   ,   , , , , ,   ,   , , ,   ,   ,   ,   , , , , , , , , , , , , , , ,    ,    ,    ,    , , , , ,     , , ,
2019-03-18,     ,     ,     , , ,1, ,1,    ,    ,    ,    , ,1, ,1, ,1,   ,0, ,0, ,1, , , ,1,   ,   , , , , ,   ,   , , ,   ,   ,   ,   , , , , , , , , , , , ,1, , ,    ,    ,    ,    , ,1, ,1,     , ,2,O:any items from calendar
2019-03-17,     ,     ,     , , , , , ,    ,    ,    ,    , , , , , , ,   , , , , , , , , , ,   ,   , , , , ,   ,   , , ,   ,   ,   ,   , , , , , , , , , , ,1, , , ,    ,    ,    ,    ,1, ,1, ,     , , ,
2019-03-16,     ,     ,     , , , , , ,    ,    ,    ,    , , , , , , ,   , , , , , , , , , ,   ,   , , , , ,   ,   , , ,   ,   ,   ,   , , , , , , , , , , , , , , ,    ,    ,    ,    , , , , ,     , , ,
2019-03-15,     ,     ,     , , , , , ,    ,    ,    ,    , , , , , , ,   , , , , , , , , , ,   ,   , , , , ,   ,   , , ,   ,   ,   ,   , , , , , , , , , , , , , , ,    ,    ,    ,    , , , , ,     , , ,
2019-03-14,     ,     ,     , , , , , ,    ,    ,    ,    , , , , , , ,   , , , , , , , , , ,   ,   , , , , ,   ,   , , ,   ,   ,   ,   , , , , , , , , , , , , , , ,    ,    ,    ,    , , , , ,     , , ,
2019-03-13,     ,     ,     , , , , , ,    ,    ,    ,    , , , , , , ,   , , , , , , , , , ,   ,   , , , , ,   ,   , , ,   ,   ,   ,   , , , , , , , , , , , , , , ,    ,    ,    ,    , , , , ,     , , ,
2019-03-12,     ,     ,     , , ,1, ,1,    ,    ,    ,    , ,1, ,1, ,1,   ,1, , , ,1, , , ,1,   ,   , , , , ,   ,   , , ,   ,   ,   ,   , , , , , , , , , , , ,1, , ,    ,    ,    ,    , ,1, ,1,     , ,1,O:at least reschedule physical therapy
2019-03-11,     ,     ,     , , , , , ,    ,    ,    ,    , , , , , , ,   , , , , , , , , , ,   ,   , , , , ,   ,   , , ,   ,   ,   ,   , , , , , , , , , , , , , , ,    ,    ,    ,    , , , , ,     , , ,
2019-03-10,     ,     ,     , , , , , ,    ,    ,    ,    , , , , , , ,   , , , , , , , , , ,   ,   , , , , ,   ,   , , ,   ,   ,   ,   , , , , , , , , , , , , , , ,    ,    ,    ,    , , , , ,     , , ,
2019-03-09,     ,     ,     , , , , , ,    ,    ,    ,    , , , , , , ,   , , , , , , , , , ,   ,   , , , , ,   ,   , , ,   ,   ,   ,   , , , , , , , , , , , , , , ,    ,    ,    ,    , , , , ,     , , ,
2019-03-08,     ,     ,     , , , , , ,    ,    ,    ,    , , , , , , ,   , , , , , , , , , ,   ,   , , , , ,   ,   , , ,   ,   ,   ,   , , , , , , , , , , , , , , ,    ,    ,    ,    , , , , ,     , , ,
2019-03-07,     ,     ,     , , , , , ,    ,    ,    ,    , , , , , , ,   , , , , , , , , , ,   ,   , , , , ,   ,   , , ,   ,   ,   ,   , , , , , , , , , , , , , , ,    ,    ,    ,    , , , , ,     , , ,
2019-03-06,     ,     ,     , , , , , ,    ,    ,    ,    , , , , , , ,   , , , , , , , , , ,   ,   , , , , ,   ,   , , ,   ,   ,   ,   , , , , , , , , , , , , , , ,    ,    ,    ,    , , , , ,     , , ,
2019-03-05,     ,     ,     , , , , , ,    ,    ,    ,    , , , , , , ,   , , , , , , , , , ,   ,   , , , , ,   ,   , , ,   ,   ,   ,   , , , , , , , , , , , , , , ,    ,    ,    ,    , , , , ,     , , ,
2019-03-04,     ,     ,     , , , , , ,    ,    ,    ,    , , , , , , ,   , , , , , , , , , ,   ,   , , , , ,   ,   , , ,   ,   ,   ,   , , , , , , , , , , , , , , ,    ,    ,    ,    , , , , ,     , , ,
2019-03-03,     ,     ,     , , , , , ,    ,    ,    ,    , , , , , , ,   , , , , , , , , , ,   ,   , , , , ,   ,   , , ,   ,   ,   ,   , , , , , , , , , , , , , , ,    ,    ,    ,    , , , , ,     , , ,
2019-03-02,     ,     ,     , , , , , ,    ,    ,    ,    , , , , , , ,   , , , , , , , , , ,   ,   , , , , ,   ,   , , ,   ,   ,   ,   , , , , , , , , , , , , , , ,    ,    ,    ,    , , , , ,     , , ,
2019-03-01,     ,     ,     , , , , , ,    ,    ,    ,    , , , , , , ,   , , , , , , , , , ,   ,   , , , , ,   ,   , , ,   ,   ,   ,   , , , , , , , , , , , , , , ,    ,    ,    ,    , , , , ,     , , ,
2019-02-28,     ,     ,     , , , , , ,    ,    ,    ,    , , , , , , ,   , , , , , , , , , ,   ,   , , , , ,   ,   , , ,   ,   ,   ,   , , , , , , , , , , , , , , ,    ,    ,    ,    , , , , ,     , , ,
2019-02-27,     ,     ,     , , , , , ,    ,    ,    ,    , , , , , , ,   , , , , , , , , , ,   ,   , , , , ,   ,   , , ,   ,   ,   ,   , , , , , , , , , , , , , , ,    ,    ,    ,    , , , , ,     , , ,
2019-02-26,     ,     ,     , , , , , ,    ,    ,    ,    , , , , , , ,   , , , , , , , , , ,   ,   , , , , ,   ,   , , ,   ,   ,   ,   , , , , , , , , , , , , , , ,    ,    ,    ,    , , , , ,     , , ,
2019-02-25,07:24,     ,     , , ,1, ,1,    ,    ,    ,    , , , , , ,1,   ,1, , , ,1, , , , ,   ,   , , , , ,   ,   , , ,   ,   ,   ,   , , , , , , , , , , , ,1, , ,    ,    ,    ,    , ,1, ,1,     , , ,
2019-02-24,12:03,     ,     , ,1,1, , ,    ,    ,    ,    , , , , ,1, ,  1, , , ,1, , , , , ,   ,   , , , , ,   ,   , , ,   ,   ,   ,   , , , , , , , , , , ,0,1, , ,    ,    ,    ,    ,1,1,0,1,     , , ,
2019-02-23,     ,     ,     , , , , , ,    ,    ,    ,    , , , , , , ,   , , , , , , , , , ,   ,   , , , , ,   ,   , , ,   ,   ,   ,   , , , , , , , , , , , , , , ,    ,    ,    ,    , , , , ,     , , ,
2019-02-22,     ,     ,     , , , , , ,    ,    ,    ,    , , , , , , ,   , , , , , , , , , ,   ,   , , , , ,   ,   , , ,   ,   ,   ,   , , , , , , , , , , , , , , ,    ,    ,    ,    , , , , ,     , , ,
2019-02-21,     ,     ,     , , , , , ,    ,    ,    ,    , , , , , , ,   , , , , , , , , , ,   ,   , , , , ,   ,   , , ,   ,   ,   ,   , , , , , , , , , , , , , , ,    ,    ,    ,    , , , , ,     , , ,
2019-02-20,07:42,     ,     , , ,1, ,1,    ,    ,    ,    , ,1, ,1, ,1,   ,1, , , ,1, , , ,1,   ,   , , , , ,   ,   , , ,   ,   ,   ,   , , , , , , , , , , , ,1, , ,    ,    ,    ,    , ,1, ,1,     , ,3,O:schedule surgery w jim+gwyn;schedule pcp pre-surgery;dr mooney
2019-02-19,15:51,     ,     , ,1,1,1,1,    ,    ,    ,    , ,1,1,1,1,1,   ,1, , ,1,1,0, ,0,1,   ,   , , , , ,   ,   , , ,   ,   ,   ,   , , , , , , ,1, , , ,1,1, , ,    ,    ,    ,    ,1,1,0,1,     , , ,
2019-02-18,     ,     ,     , , , , , ,    ,    ,    ,    , , , , , , ,   , , , , , , , , , ,   ,   , , , , ,   ,   , , ,   ,   ,   ,   , , , , , , , , , , , , , , ,    ,    ,    ,    , , , , ,     , , ,
2019-02-17,09:50,     ,     , , ,1, , ,    ,    ,    ,    , ,1, , , ,1,   ,1, , , ,1, , , ,1,   ,   , , , , ,   ,   , , ,   ,   ,   ,   , , , , , , , , , , , , , , ,    ,    ,    ,    , , , , ,     , , ,
2019-02-16,     ,     ,     , , , , , ,    ,    ,    ,    , , , , , , ,   , , , , , , , , , ,   ,   , , , , ,   ,   , , ,   ,   ,   ,   , , , , , , , , , , , , , , ,    ,    ,    ,    , , , , ,     , , ,
2019-02-15,     ,     ,     , , , , , ,    ,    ,    ,    , , , , , , ,   , , , , , , , , , ,   ,   , , , , ,   ,   , , ,   ,   ,   ,   , , , , , , , , , , , , , , ,    ,    ,    ,    , , , , ,     , , ,
2019-02-14,     ,     ,     , , , , , ,    ,    ,    ,    , , , , , , ,   , , , , , , , , , ,   ,   , , , , ,   ,   , , ,   ,   ,   ,   , , , , , , , , , , , , , , ,    ,    ,    ,    , , , , ,     , , ,
2019-02-13,06:45,     ,     , , ,1, ,1,    ,    ,    ,    , ,1, ,1, ,1,   ,1, , , ,1, , , ,1,   ,   , , , , ,   ,   , , ,   ,   ,   ,   , , , , , , , , , , , ,1, , ,    ,    ,    ,    , ,1, ,1,     , ,2,O:house by 9am; leave for drs appt
2019-02-12,     ,     ,     , , , , , ,    ,    ,    ,    , , , , , , ,   , , , , , , , , , ,   ,   , , , , ,   ,   , , ,   ,   ,   ,   , , , , , , , , , , , , , , ,    ,    ,    ,    , , , , ,     , , ,
2019-02-11,     ,     ,     , , , , , ,    ,    ,    ,    , , , , , , ,   , , , , , , , , , ,   ,   , , , , ,   ,   , , ,   ,   ,   ,   , , , , , , , , , , , , , , ,    ,    ,    ,    , , , , ,     , , ,
2019-02-10,     ,     ,     , , , , , ,    ,    ,    ,    , , , , , , ,   , , , , , , , , , ,   ,   , , , , ,   ,   , , ,   ,   ,   ,   , , , , , , , , , , , , , , ,    ,    ,    ,    , , , , ,     , , ,
2019-02-09,08:13,     ,     , , ,1, ,0,    ,    ,    ,    , ,1, ,1, ,1,   ,1, , , ,1, , , ,1,   ,   , , , , ,   ,   , , ,   ,   ,   ,   , ,1, , , , , , , , , ,1, , ,    ,    ,    ,    , ,1, ,1,     , , ,
2019-02-08,08:16,     ,     , , ,1, ,0,    ,    ,    ,    , ,1, ,1, ,1,   ,1, , , ,1, , , ,1,   ,   , , , , ,   ,   , , ,   ,   ,   ,   , , , , , , , , , , ,0,1, , ,    ,    ,    ,    ,1,1,0,1,     , , ,
2019-02-07,     ,     ,     , , , , , ,    ,    ,    ,    , , , , , , ,   , , , , , , , , , ,   ,   , , , , ,   ,   , , ,   ,   ,   ,   , , , , , , , , , , , , , , ,    ,    ,    ,    ,1, ,0, ,     , , ,
2019-02-06,     ,     ,     , , , , , ,    ,    ,    ,    , , , , , , ,   , , , , , , , , , ,   ,   , , , , ,   ,   , , ,   ,   ,   ,   , , , , , , , , , , , , , , ,    ,    ,    ,    , , , , ,     , , ,
2019-02-05,     ,     ,     , , , , , ,    ,    ,    ,    , , , , , , ,   , , , , , , , , , ,   ,   , , , , ,   ,   , , ,   ,   ,   ,   , , , , , , , , , , , , , , ,    ,    ,    ,    , , , , ,     , , ,
2019-02-04,12:29,     ,     , ,1, ,1, ,    ,    ,    ,    ,0, ,1, , , ,  0, , , ,0, ,0, ,0, ,   ,   , , , , ,   ,   , , ,   ,   ,   ,   , , , , , , , , , , , , , , ,    ,    ,    ,    , , , , ,     , , ,froze up at end of drive home last night; roughly lasted to noon today
2019-02-03,07:24,     ,     , , ,1, ,1,    ,    ,    ,    , ,1,1,1,1,1,   ,1, , , ,1, , , ,1,   ,   , , , , ,   ,   , , ,   ,   ,   ,   , , , , , , , , , , , ,1, , ,    ,    ,    ,    , ,1, ,1,     ,3,4,O:talk gwyn re meds today;go to blacksburg;attend street giraffes!!;take night meds
2019-02-02,     ,     ,     , , , , , ,    ,    ,    ,    , , , , , , ,   , , , , , , , , , ,   ,   , , , , ,   ,   , , ,   ,   ,   ,   , , , , , , , , , , , , , , ,    ,    ,    ,    ,1, , , ,     , , ,spent the day designing a storage crate kind of to relax; fun but did not finish and would like the crate!
2019-02-01,07:27,     ,     , ,1,1,1, ,    ,    ,    ,    ,1,1,1,1,1,1,  1,1,0,0,1,1,0, ,1,1,   ,   , , , , ,   ,   , , ,   ,   ,   ,   , , , , , , , , , , , , , , ,    ,    ,    ,    , , , , ,     ,1,3,O:kate call; prep for miki course; attend miki course
2019-01-31,     ,     ,     , , , , , ,    ,    ,    ,    , , , , , , ,   , , , , , , , , , ,   ,   , , , , ,   ,   , , ,   ,   ,   ,   , , , , , , , , , , , , , , ,    ,    ,    ,    , , , , ,     , , ,
2019-01-30,09:03,     ,     , ,1,1, , ,    ,    ,    ,    ,1, ,1, ,1,1,  1,1, , ,1,1, , ,1,1,   ,   , , , , ,   ,   , , ,   ,   ,   ,   , , , , , , , , , , , ,1, , ,    ,    ,    ,    , ,1, ,1,     , ,1,tired from funny experiences at ej cottage during night funny dreams and also lots of waking up both gwyn and me; O:cat scan
2019-01-29,07:16,     ,     ,1,1,1,1,1,    ,    ,    ,    ,1,1,1, ,1,1,  1,1,0,0,1,1, , ,1,1,   ,   , , , , ,   ,   , , ,   ,   ,   ,   , , , , , , , , , , ,1,1, , ,    ,    ,    ,    ,1,1,0,1,     ,2,3,O:kate call;nvc core concepts study and prep; nvc core concepts class
2019-01-28,09:39,     ,     , ,1,1,1, ,    ,    ,    ,    , ,1, , ,1,1,  1,1, , ,1,1, , ,1,1,   ,   , , , , ,   ,   , , ,   ,   ,   ,   , , , , , , , , , , ,0,1, , ,    ,    ,    ,    ,1,1,0,1,     ,2,2,O:mtg with jim mooney gwyn; mon grotto mtg
2019-01-27,     ,     ,     , , , , , ,    ,    ,    ,    , , , , , , ,   , , , , , , , , , ,   ,   , , , , ,   ,   , , ,   ,   ,   ,   , , , , , , , , , , , , , , ,    ,    ,    ,    , , , , ,     , , ,
2019-01-26,10:41,     ,     , , ,1, ,1,    ,    ,    ,    ,1, ,1, , ,1,   , , , , , , , , , ,   ,   , , , , ,   ,   , , ,   ,   ,   ,   , , , , , , , , , , , , , , ,    ,    ,    ,    , , , , ,     , ,3,O:any items from schedule today in Logistics/
2019-01-25,07:17,     ,     , , ,1, ,1,    ,    ,    ,    , , , , , ,1,   , , , , ,1, , , , ,   ,   , , , , ,   ,   , , ,   ,   ,   ,   , , , , , , , , , , , , , , ,    ,    ,    ,    , , , , ,     ,1,3,O:any items from schedule today in Logistics/
2019-01-24,06:38,     ,     , , ,1, ,1,    ,    ,    ,    , ,1, , , ,1,   , , , , ,1, , , , ,   ,   , , , , ,   ,   , , ,   ,   ,   ,   , , , , , , , , , , , ,1, , ,    ,    ,    ,    ,1,1,0,1,     , , ,
2019-01-23,07:24,     ,     ,1, , ,1, ,    ,    ,    ,    , , ,1, ,1, ,   , , , ,1, , , , , ,   ,   , , , , ,   ,   , , ,   ,   ,   ,   , , , , , , ,1, , , ,0, , , ,    ,    ,    ,    ,1, , , ,     ,1,2,O:register for gbo tours; check in with tim re truck
2019-01-22,08:48,     ,     ,1,1,1,1, ,    ,    ,    ,    ,1, ,1, ,1,1,   , , , ,1,1, , , , ,   ,   , , , , ,   ,   , , ,   ,   ,   ,   , , , , , , , , , , , , , , ,    ,    ,    ,    , , , , ,     ,4,4,O:core concepts material review; kate call; core concepts class; home inspection w jim
2019-01-21,09:26,     ,     , , , , , ,    ,    ,    ,    , , , , , , ,   , , , , , , , , , ,   ,   , , , , ,   ,   , , ,   ,   ,   ,   , , , , , , , , , , , , , , ,    ,    ,    ,    , , , , ,     , , ,
2019-01-20,     ,     ,     , , , , , ,    ,    ,    ,    , , , , , , ,   , , , , , , , , , ,   ,   , , , , ,   ,   , , ,   ,   ,   ,   , , , , , , , , , , , , , , ,    ,    ,    ,    , , , , ,     , , ,
2019-01-19,09:06,     ,     , , ,1, ,1,    ,    ,    ,    , , , , ,1,1,   ,0, , , , , , , , ,   ,   , , , , ,   ,   , , ,   ,   ,   ,   , , , , , , , , , , , ,1, , ,    ,    ,    ,    , ,1, ,1,     , , ,
2019-01-18,     ,     ,     , , , , , ,    ,    ,    ,    , , , , , , ,   , , , , , , , , , ,   ,   , , , , ,   ,   , , ,   ,   ,   ,   , , , , , , , , , , , , , , ,    ,    ,    ,    ,1, , , ,     , , ,
2019-01-17,     ,     ,     , , , , , ,    ,    ,    ,    , , , , , , ,   , , , , , , , , , ,   ,   , , , , ,   ,   , , ,   ,   ,   ,   , , , , , , , , , , , , , , ,    ,    ,    ,    , , , , ,     , , ,
2019-01-16,     ,     ,     , , , , , ,    ,    ,    ,    , , , , , , ,   , , , , , , , , , ,   ,   , , , , ,   ,   , , ,   ,   ,   ,   , , , , , , , , , , , , , , ,    ,    ,    ,    , , , , ,     , , ,
2019-01-15,08:22,     ,     , , ,1,1, ,    ,    ,    ,    ,1, ,1, ,1, ,  1, ,0, ,1,1, , ,1, ,  1,   , , , , ,   ,   , , ,   ,   ,   ,   , , , , , , , , , , , , , , ,    ,    ,    ,    , , , , ,     , ,2,O:kate call & nvc core concepts session
2019-01-14,     ,     ,     , , , , , ,    ,    ,    ,    , , , , , , ,   , , , , , , , , , ,   ,   , , , , ,   ,   , , ,   ,   ,   ,   , , , , , , , , , , , , , , ,    ,    ,    ,    , , , , ,     , , ,
2019-01-13,     ,     ,     , , , , , ,    ,    ,    ,    , , , , , , ,   , , , , , , , , , ,   ,   , , , , ,   ,   , , ,   ,   ,   ,   , , , , , , , , , , , , , , ,    ,    ,    ,    , , , , ,     , , ,
2019-01-12,     ,     ,     , , , , , ,    ,    ,    ,    , , , , , , ,   , , , , , , , , , ,   ,   , , , , ,   ,   , , ,   ,   ,   ,   , , , , , , , , , , , , , , ,    ,    ,    ,    , , , , ,     , , ,
2019-01-11,     ,     ,     , , , , , ,    ,    ,    ,    , , , , , , ,   , , , , , , , , , ,   ,   , , , , ,   ,   , , ,   ,   ,   ,   , , , , , , , , , , , , , , ,    ,    ,    ,    , , , , ,     , , ,
2019-01-10,07:12,     ,     , , ,1, ,1,    ,    ,    ,    , ,1, ,1, ,1,   ,1, , ,1, , , , ,1,   ,   , , , , ,   ,   , , ,   ,   ,   ,   , , , , , , , , , , , ,1, , ,    ,    ,    ,    , ,1, ,1,     , ,2,O:move appt to car; Celia call & some prep
2019-01-09,06:58,     ,     , ,1,1,1,1,    ,    ,    ,    ,1,1,1,1,1,1,  1,1, ,1,1,1, , ,1,1,   ,   , , , , ,   ,   , , ,   ,   ,   ,   , , , , , , , , , , , ,1, , ,    ,    ,    ,    , , , ,1,     , ,1,O:go to oncology appt
2019-01-08,     ,     ,     , , , , , ,    ,    ,    ,    , , , , , , ,   , , , , , , , , , ,   ,   , , , , ,   ,   , , ,   ,   ,   ,   , , , , ,1, ,1, ,1, ,1, ,0, ,    ,    ,    ,    , , ,1, ,     , , ,gwyn was around for evening routine
2019-01-07,     ,     ,     , , , , , ,    ,    ,    ,    , , , , , , ,   , , , , , , , , , ,   ,   , , , , ,   ,   , , ,   ,   ,   ,   , , , , , , , , , , , , , , ,    ,    ,    ,    , , , , ,     , , ,
2019-01-06,     ,     ,     , , , , , ,    ,    ,    ,    , , , , , , ,   , , , , , , , , , ,   ,   , , , , ,   ,   , , ,   ,   ,   ,   , , , , , , , , , , , , , , ,    ,    ,    ,    , , , , ,     , , ,
2019-01-05,07:28,     ,     , ,1,1,1, ,    ,    ,    ,    , ,1,1,1,1,1,  1, ,0, ,1,1, , ,1, ,   ,   , , , , ,   ,   , , ,   ,   ,   ,   , , , , , , , , , , , ,1, , ,    ,    ,    ,    , ,1, ,1,     , , ,
2019-01-04,     ,     ,     , , , , , ,    ,    ,    ,    , , , , , , ,   , , , , , , , , , ,   ,   , , , , ,   ,   , , ,   ,   ,   ,   , , , , , , , , , , , , , , ,    ,    ,    ,    , , , , ,     , , ,
2019-01-03,08:28,     ,     , ,1,1, , ,    ,    ,    ,  ,0.5,1,1,1,1,1,  1,1,1, ,1,1, , , ,1,  1,   ,0, ,0, ,   ,   , , ,   ,   ,   ,   , , , , , , , , , ,1, ,1, , ,    ,    ,    ,    , ,1, ,1,     , , ,
2019-01-02,07:13,     ,     , ,1,1,1,1,    ,    ,    ,    ,1,1,1,1,1,1,  1,1,1,1,1,1, , ,1,1,   ,   , , , , ,   ,   , , ,   ,   ,   ,   , , , , , , , , , , , ,1, , ,    ,    ,    ,    , ,1, ,1,     ,4,5,O:kate call; gbo brochure; routine update; jim call; drs appt
2019-01-01,10:40,     ,     , ,1, , , ,    ,    ,    ,    ,1, ,1, ,1, ,  1, , , ,1, , , ,1, ,   ,   , , , , ,   ,   , , ,   ,   ,   ,   , , , , , , , , , , , ,1, , ,    ,    ,    ,    , ,1, ,1,     , , ,computer broke didn't update todo list
