Time,Action,Goal,Task
5511,start,RESPONS,Meds
5512,stop,RESPONS,Meds
5540,start,RESPONS,Meds
5540,stop,RESPONS,Meds
5598,start,RESPONS,Meds
5599,stop,RESPONS,Meds
27196,start,RESPONS,Meds
27197,stop,RESPONS,Meds
1540469339,start,RESPONS,Brush Teeth
1540469651,stop,RESPONS,Brush Teeth
1540555153,start,RESPONS,Meds
1540555190,start,RESPONS,Meds
1540555210,start,RESPONS,Meds
1540555233,start,RESPONS,Meds
1540555425,stop,RESPONS,Meds
1540568344,start,RESPONS,Brush Teeth
1540568601,stop,RESPONS,Brush Teeth
1540589059,start,RESPONS,Brush Teeth
1540589384,stop,RESPONS,Brush Teeth
1540599709,start,RESPONS,Brush Teeth
1540600440,stop,RESPONS,Brush Teeth
1540602399,start,RESPONS,Meds
1540602452,stop,RESPONS,Meds
1540653640,start,RESPONS,Meds
1540653899,stop,RESPONS,Meds
1540655208,start,RESPONS,Brush Teeth
1540655513,stop,RESPONS,Brush Teeth
1540666087,start,RESPONS,Meds
1540666131,stop,RESPONS,Meds
1540669449,start,RESPONS,Brush Teeth
1540669750,stop,RESPONS,Brush Teeth
1540676599,start,RESPONS,Brush Teeth
1540676783,stop,RESPONS,Brush Teeth
1540723502,start,RESPONS,Brush Teeth
1540723792,stop,RESPONS,Brush Teeth
1540731689,start,RESPONS,Meds
1540731940,stop,RESPONS,Meds
1540739929,start,RESPONS,Meds
1540740654,start,RESPONS,Brush Teeth
1540740997,stop,RESPONS,Brush Teeth
1540749088,start,RESPONS,Meds
1540749146,stop,RESPONS,Meds
1540752174,start,RESPONS,Brush Teeth
1540752390,stop,RESPONS,Brush Teeth
1540822427,start,RESPONS,Brush Teeth
1540836615,start,RESPONS,Brush Teeth
1540837247,stop,RESPONS,Brush Teeth
1540937029,start,RESPONS,Meds
1540937195,stop,RESPONS,Meds
1540939911,start,RESPONS,Brush Teeth
1540940125,stop,RESPONS,Brush Teeth
1540948174,start,RESPONS,Brush Teeth
1540948378,stop,RESPONS,Brush Teeth
1541008669,start,RESPONS,Meds
1541009001,stop,RESPONS,Meds
1541018755,start,RESPONS,Brush Teeth
1541018931,stop,RESPONS,Brush Teeth
1541071902,start,RESPONS,Meds
1541072144,stop,RESPONS,Meds
1541077206,start,RESPONS,Brush Teeth
1541077423,stop,RESPONS,Brush Teeth
1541085057,start,RESPONS,Brush Teeth
1541085275,stop,RESPONS,Brush Teeth
1541513166,start,RESPONS,Meds
1541513332,stop,RESPONS,Meds
1541525859,start,RESPONS,Brush Teeth
1541526061,stop,RESPONS,Brush Teeth
1541530650,start,RESPONS,Brush Teeth
1541530841,stop,RESPONS,Brush Teeth
1541621000,start,RESPONS,Meds
1541621183,stop,RESPONS,Meds
1541678672,start,RESPONS,Meds
1541678838,stop,RESPONS,Meds
1541686632,start,RESPONS,Brush Teeth
1541686831,stop,RESPONS,Brush Teeth
1541697591,start,RESPONS,Brush Teeth
1541697769,stop,RESPONS,Brush Teeth
1541766016,start,RESPONS,Meds
1541766221,stop,RESPONS,Meds
1541773182,start,RESPONS,Brush Teeth
1541773361,stop,RESPONS,Brush Teeth
1542029145,start,RESPONS,Meds
1542029367,stop,RESPONS,Meds
1542034858,start,RESPONS,Brush Teeth
1542035062,stop,RESPONS,Brush Teeth
1542057190,start,RESPONS,Brush Teeth
1542057375,stop,RESPONS,Brush Teeth
1542201282,start,RESPONS,Meds
1542201646,stop,RESPONS,Meds
1542285163,start,RESPONS,Meds
1542285416,stop,RESPONS,Meds
1542459138,start,RESPONS,Meds
1542459308,stop,RESPONS,Meds
1542462165,start,RESPONS,Brush Teeth
1542462341,stop,RESPONS,Brush Teeth
1542466696,start,RESPONS,Brush Teeth
1542467057,stop,RESPONS,Brush Teeth
1542483738,start,RESPONS,Brush Teeth
1542483929,stop,RESPONS,Brush Teeth
1542569364,start,RESPONS,Brush Teeth
1542569572,stop,RESPONS,Brush Teeth
1542651606,start,RESPONS,Brush Teeth
1542651800,stop,RESPONS,Brush Teeth
1542658611,start,RESPONS,Brush Teeth
1542661921,start,RESPONS,Meds
1542662080,stop,RESPONS,Meds
1542672887,start,RESPONS,Brush Teeth
1542673141,stop,RESPONS,Brush Teeth
1542679317,start,RESPONS,Brush Teeth
1542679641,stop,RESPONS,Brush Teeth
1542718613,start,RESPONS,Brush Teeth
1542718856,stop,RESPONS,Brush Teeth
1542730585,start,RESPONS,Brush Teeth
1542730815,stop,RESPONS,Brush Teeth
1542739983,start,RESPONS,Brush Teeth
1542740156,stop,RESPONS,Brush Teeth
1542805081,start,RESPONS,Meds
1542805255,stop,RESPONS,Meds
1542811431,start,RESPONS,Brush Teeth
1542811650,stop,RESPONS,Brush Teeth
1542818318,start,RESPONS,Brush Teeth
1542818536,stop,RESPONS,Brush Teeth
1542842721,start,RESPONS,Brush Teeth
1542842917,stop,RESPONS,Brush Teeth
1542889583,start,RESPONS,Brush Teeth
1542889791,stop,RESPONS,Brush Teeth
1542892519,start,RESPONS,Meds
1542892724,stop,RESPONS,Meds
1542898287,start,RESPONS,Brush Teeth
1542898470,stop,RESPONS,Brush Teeth
1542906184,start,RESPONS,Brush Teeth
1542906384,stop,RESPONS,Brush Teeth
1542913922,start,RESPONS,Brush Teeth
1542914147,stop,RESPONS,Brush Teeth
1542984960,start,RESPONS,Brush Teeth
1542985143,stop,RESPONS,Brush Teeth
1543069116,start,RESPONS,Brush Teeth
1543069348,stop,RESPONS,Brush Teeth
1543163037,start,RESPONS,Brush Teeth
1543163253,stop,RESPONS,Brush Teeth
1543170912,start,RESPONS,Brush Teeth
1543171087,stop,RESPONS,Brush Teeth
1543251680,start,RESPONS,Brush Teeth
1543251896,stop,RESPONS,Brush Teeth
1543259710,start,RESPONS,Brush Teeth
1543259904,stop,RESPONS,Brush Teeth
1543267434,start,RESPONS,Brush Teeth
1543267609,stop,RESPONS,Brush Teeth
1543275617,start,RESPONS,Brush Teeth
1543275824,stop,RESPONS,Brush Teeth
1543314683,start,RESPONS,Brush Teeth
1543314904,stop,RESPONS,Brush Teeth
1543322184,start,RESPONS,Brush Teeth
1543322434,stop,RESPONS,Brush Teeth
1543329315,start,RESPONS,Brush Teeth
1543329630,stop,RESPONS,Brush Teeth
1543334758,start,RESPONS,Meds
1543334933,stop,RESPONS,Meds
1543336548,start,RESPONS,Brush Teeth
1543336952,stop,RESPONS,Brush Teeth
1543343896,start,RESPONS,Brush Teeth
1543344115,stop,RESPONS,Brush Teeth
1543351273,start,RESPONS,Brush Teeth
1543351554,stop,RESPONS,Brush Teeth
1543423257,start,RESPONS,Brush Teeth
1543423493,stop,RESPONS,Brush Teeth
1543430485,start,RESPONS,Brush Teeth
1543430692,stop,RESPONS,Brush Teeth
1543437905,start,RESPONS,Brush Teeth
1543438353,stop,RESPONS,Brush Teeth
1543503003,start,RESPONS,Brush Teeth
1543503185,stop,RESPONS,Brush Teeth
1543510528,start,RESPONS,Brush Teeth
1543510703,stop,RESPONS,Brush Teeth
1543518227,start,RESPONS,Brush Teeth
1543518615,stop,RESPONS,Brush Teeth
1543525528,start,RESPONS,Brush Teeth
1543525704,stop,RESPONS,Brush Teeth
1543532992,start,RESPONS,Brush Teeth
1543533573,stop,RESPONS,Brush Teeth
1543540517,start,RESPONS,Brush Teeth
1543540705,stop,RESPONS,Brush Teeth
1543574305,start,RESPONS,Brush Teeth
1543574391,stop,RESPONS,Brush Teeth
1543576140,start,RESPONS,Eye Lubricant
1543576164,stop,RESPONS,Eye Lubricant
1543582730,start,RESPONS,Brush Teeth
1543582937,stop,RESPONS,Brush Teeth
1543583500,start,RESPONS,Meds
1543583707,stop,RESPONS,Meds
1543584657,start,RESPONS,Fissure Treatment
1543584800,stop,RESPONS,Fissure Treatment
1543585020,start,RESPONS,Eye Lubricant
1543585044,stop,RESPONS,Eye Lubricant
1543594120,start,RESPONS,Brush Teeth
1543594794,stop,RESPONS,Brush Teeth
1543601735,start,RESPONS,Brush Teeth
1543601930,stop,RESPONS,Brush Teeth
1543613134,start,RESPONS,Brush Teeth
1543613518,stop,RESPONS,Brush Teeth
1543624639,start,RESPONS,Brush Teeth
1543624866,stop,RESPONS,Brush Teeth
1543672332,start,RESPONS,Brush Teeth
1543672523,stop,RESPONS,Brush Teeth
1543677325,start,RESPONS,Meds
1543677496,stop,RESPONS,Meds
1543679575,start,RESPONS,Fissure Treatment
1543679817,stop,RESPONS,Fissure Treatment
1543679823,start,RESPONS,Eye Lubricant
1543679860,stop,RESPONS,Eye Lubricant
1543680492,start,RESPONS,Brush Teeth
1543680717,stop,RESPONS,Brush Teeth
1543681678,start,RESPONS,Meds
1543681717,stop,RESPONS,Meds
1543688475,start,RESPONS,Brush Teeth
1543688690,stop,RESPONS,Brush Teeth
1543696651,start,RESPONS,Brush Teeth
1543696875,stop,RESPONS,Brush Teeth
1543706169,start,RESPONS,Brush Teeth
1543750511,stop,RESPONS,Brush Teeth
1543750739,start,RESPONS,Brush Teeth
1543750949,stop,RESPONS,Brush Teeth
1543761414,start,RESPONS,Meds
1543761569,stop,RESPONS,Meds
1543861653,start,RESPONS,Eye Lubricant
1543861686,stop,RESPONS,Eye Lubricant
1543876275,start,RESPONS,Fissure Treatment
1543876398,stop,RESPONS,Fissure Treatment
1543877604,start,RESPONS,Meds
1543877639,start,RESPONS,Meds
1543877648,start,RESPONS,Meds
1543877811,start,RESPONS,Meds
1543877817,stop,RESPONS,Meds
1543877823,start,RESPONS,Meds
1543877828,start,RESPONS,Meds
1543877915,start,RESPONS,Meds
1543882131,start,RESPONS,Meds
1543882156,stop,RESPONS,Meds
1543933420,start,RESPONS,Meds
1543933455,stop,RESPONS,Meds
1543983112,start,RESPONS,Meds
1543983123,stop,RESPONS,Meds
1544012595,start,RESPONS,Meds
1544013187,stop,RESPONS,Meds
1544016366,start,RESPONS,Meds
1544016391,stop,RESPONS,Meds
1544054506,start,RESPONS,Meds
1544054507,stop,RESPONS,Meds
1544101616,start,RESPONS,Eye Lubricant
1544101645,stop,RESPONS,Eye Lubricant
1544102779,start,RESPONS,Meds
1544102781,stop,RESPONS,Meds
1544107571,start,RESPONS,Meds
1544107802,stop,RESPONS,Meds
1544112578,start,RESPONS,Brush Teeth
1544113218,stop,RESPONS,Brush Teeth
1544114759,start,RESPONS,Eye Lubricant
1544114788,stop,RESPONS,Eye Lubricant
1544120507,start,RESPONS,Meds
1544120574,stop,RESPONS,Meds
1544140618,start,RESPONS,Meds
1544140686,stop,RESPONS,Meds
1544142154,start,RESPONS,Meds
1544142230,stop,RESPONS,Meds
1544227037,start,RESPONS,Meds
1544227044,stop,RESPONS,Meds
1544275634,start,RESPONS,Meds
1544275639,stop,RESPONS,Meds
1544316490,start,RESPONS,Meds
1544316595,start,RESPONS,Meds
1544316634,stop,RESPONS,Meds
1544365735,start,RESPONS,Meds
1544365748,stop,RESPONS,Meds
1544401862,start,RESPONS,Meds
1544401877,stop,RESPONS,Meds
1544445953,start,RESPONS,Meds
1544445958,stop,RESPONS,Meds
1544486099,start,RESPONS,Meds
1544486117,stop,RESPONS,Meds
1544533447,start,RESPONS,Meds
1544533477,stop,RESPONS,Meds
1544533511,start,RESPONS,Meds
1544533750,stop,RESPONS,Meds
1544534434,start,RESPONS,Eye Lubricant
1544534468,stop,RESPONS,Eye Lubricant
1544536677,start,RESPONS,Brush Teeth
1544536978,stop,RESPONS,Brush Teeth
1544537586,start,RESPONS,Eye Lubricant
1544537629,stop,RESPONS,Eye Lubricant
1544574231,start,RESPONS,Meds
1544574264,stop,RESPONS,Meds
1544621700,start,RESPONS,Meds
1544621745,stop,RESPONS,Meds
1544622707,start,RESPONS,Meds
1544656471,start,RESPONS,Meds
1544656505,stop,RESPONS,Meds
1544711179,start,RESPONS,Meds
1544711228,start,RESPONS,Meds
1544711283,stop,RESPONS,Meds
1544723076,start,RESPONS,Eye Lubricant
1544723369,stop,RESPONS,Eye Lubricant
1544723394,start,RESPONS,Brush Teeth
1544746520,start,RESPONS,Meds
1544746611,stop,RESPONS,Meds
1544792300,start,RESPONS,Meds
1544795702,stop,RESPONS,Meds
1544795712,start,RESPONS,Meds
1544798979,start,RESPONS,Meds
1544832032,start,RESPONS,Meds
1544833086,stop,RESPONS,Meds
1544881711,start,RESPONS,Meds
1544881774,stop,RESPONS,Meds
1544882571,start,RESPONS,Eye Lubricant
1544882590,stop,RESPONS,Eye Lubricant
1544885418,start,RESPONS,Meds
1544885545,stop,RESPONS,Meds
1544887533,start,RESPONS,Fissure Treatment
1544887694,stop,RESPONS,Fissure Treatment
1544888060,start,RESPONS,Eye Lubricant
1544888141,stop,RESPONS,Eye Lubricant
1544912167,start,RESPONS,Eye Lubricant
1544912193,stop,RESPONS,Eye Lubricant
1544923073,start,RESPONS,Meds
1544923111,stop,RESPONS,Meds
1544966944,start,RESPONS,Meds
1544967075,stop,RESPONS,Meds
1544968061,start,RESPONS,Meds
1544968087,stop,RESPONS,Meds
1545007571,start,RESPONS,Meds
1545007618,stop,RESPONS,Meds
1545050459,start,RESPONS,Eye Lubricant
1545050532,stop,RESPONS,Eye Lubricant
1545059554,start,RESPONS,Meds
1545059835,stop,RESPONS,Meds
1545060088,start,RESPONS,Meds
1545060123,stop,RESPONS,Meds
1545060556,start,RESPONS,Brush Teeth
1545063582,stop,RESPONS,Brush Teeth
1545064797,start,RESPONS,Fissure Treatment
1545064962,stop,RESPONS,Fissure Treatment
1545065142,start,RESPONS,Eye Lubricant
1545065179,stop,RESPONS,Eye Lubricant
1545065670,start,RESPONS,Eye Lubricant
1545065691,stop,RESPONS,Eye Lubricant
1545065735,start,RESPONS,Meds
1545065877,stop,RESPONS,Meds
1545067662,start,RESPONS,Brush Teeth
1545083516,start,RESPONS,Meds
1545083524,stop,RESPONS,Meds
1545097026,start,RESPONS,Meds
1545097107,stop,RESPONS,Meds
1545151306,start,RESPONS,Meds
1545151336,stop,RESPONS,Meds
1545188391,start,RESPONS,Meds
1545188446,stop,RESPONS,Meds
1545238839,start,RESPONS,Meds
1545238866,stop,RESPONS,Meds
1545255920,start,RESPONS,Eye Lubricant
1545255943,stop,RESPONS,Eye Lubricant
1545256718,start,RESPONS,Fissure Treatment
1545256825,stop,RESPONS,Fissure Treatment
1545256890,start,RESPONS,Eye Lubricant
1545256907,stop,RESPONS,Eye Lubricant
1545271550,start,RESPONS,Meds
1545271608,stop,RESPONS,Meds
1545308830,start,RESPONS,Eye Lubricant
1545308865,stop,RESPONS,Eye Lubricant
1545316649,start,RESPONS,Brush Teeth
1545317529,stop,RESPONS,Brush Teeth
1545320015,start,RESPONS,Meds
1545320030,start,RESPONS,Fissure Treatment
1545320170,stop,RESPONS,Meds
1545320190,stop,RESPONS,Fissure Treatment
1545320668,start,RESPONS,Eye Lubricant
1545320690,stop,RESPONS,Eye Lubricant
1545323211,start,RESPONS,Meds
1545323243,stop,RESPONS,Meds
1545332866,start,RESPONS,Eye Lubricant
1545332886,stop,RESPONS,Eye Lubricant
1545332889,start,RESPONS,Meds
1545333010,stop,RESPONS,Meds
1545333132,start,RESPONS,Brush Teeth
1545344416,start,RESPONS,Meds
1545344460,stop,RESPONS,Meds
1545406979,start,RESPONS,Meds
1545407087,stop,RESPONS,Meds
1545438037,start,RESPONS,Meds
1545438155,stop,RESPONS,Meds
1545481711,start,RESPONS,Meds
1545481784,start,RESPONS,Eye Lubricant
1545481827,stop,RESPONS,Eye Lubricant
1545485949,start,RESPONS,Meds
1545486296,stop,RESPONS,Meds
1545524749,start,RESPONS,Meds
1545524797,stop,RESPONS,Meds
1545572629,start,RESPONS,Meds
1545572662,stop,RESPONS,Meds
1545606754,start,RESPONS,Meds
1545606792,stop,RESPONS,Meds
1545657928,start,RESPONS,Meds
1545657979,stop,RESPONS,Meds
1545664877,start,RESPONS,Fissure Treatment
1545665030,stop,RESPONS,Fissure Treatment
1545665616,start,RESPONS,Eye Lubricant
1545665646,stop,RESPONS,Eye Lubricant
1545680457,start,RESPONS,Eye Lubricant
1545680500,stop,RESPONS,Eye Lubricant
1545680501,start,RESPONS,Meds
1545680511,stop,RESPONS,Meds
1545680983,start,RESPONS,Brush Teeth
1545691691,start,RESPONS,Meds
1545694339,stop,RESPONS,Meds
1545741376,start,RESPONS,Eye Lubricant
1545741430,stop,RESPONS,Eye Lubricant
1545742218,start,RESPONS,Meds
1545742461,stop,RESPONS,Meds
1545745544,start,RESPONS,Fissure Treatment
1545745665,stop,RESPONS,Fissure Treatment
1545745928,start,RESPONS,Eye Lubricant
1545745971,stop,RESPONS,Eye Lubricant
1545783956,start,RESPONS,Meds
1545783994,stop,RESPONS,Meds
1545829381,start,RESPONS,Eye Lubricant
1545829416,stop,RESPONS,Eye Lubricant
1545831265,start,RESPONS,Meds
1545831288,stop,RESPONS,Meds
1545836926,start,RESPONS,Brush Teeth
1545836986,stop,RESPONS,Brush Teeth
1545837514,start,RESPONS,Fissure Treatment
1545837624,stop,RESPONS,Fissure Treatment
1545868885,start,RESPONS,Meds
1545868914,stop,RESPONS,Meds
1545918455,start,RESPONS,Eye Lubricant
1545918510,stop,RESPONS,Eye Lubricant
1545921351,start,RESPONS,Meds
1545921371,stop,RESPONS,Meds
1545936539,start,RESPONS,Brush Teeth
1545936543,stop,RESPONS,Brush Teeth
1545937208,start,RESPONS,Eye Lubricant
1545937233,stop,RESPONS,Eye Lubricant
1545967395,start,RESPONS,Meds
1545967444,stop,RESPONS,Meds
1546006790,start,RESPONS,Meds
1546006823,stop,RESPONS,Meds
1546040024,start,RESPONS,Meds
1546040046,stop,RESPONS,Meds
1546091703,start,RESPONS,Meds
1546091731,stop,RESPONS,Meds
1546130424,start,RESPONS,Meds
1546130482,stop,RESPONS,Meds
1546177340,start,RESPONS,Meds
1546177403,stop,RESPONS,Meds
1546179396,start,RESPONS,Eye Lubricant
1546179442,stop,RESPONS,Eye Lubricant
1546214168,start,RESPONS,Meds
1546214515,stop,RESPONS,Meds
1546259010,start,RESPONS,Eye Lubricant
1546259034,stop,RESPONS,Eye Lubricant
1546263025,start,RESPONS,Meds
1546263263,stop,RESPONS,Meds
1546263976,start,RESPONS,Meds
1546264130,stop,RESPONS,Meds
1546264463,start,RESPONS,Meds
1546267335,start,RESPONS,Brush Teeth
1546268073,stop,RESPONS,Brush Teeth
1546269049,start,RESPONS,Fissure Treatment
1546269147,stop,RESPONS,Fissure Treatment
1546269484,start,RESPONS,Eye Lubricant
1546269516,stop,RESPONS,Eye Lubricant
1546277370,start,RESPONS,Eye Lubricant
1546277421,stop,RESPONS,Eye Lubricant
1546277475,start,RESPONS,Meds
1546277490,start,RESPONS,Meds
1546277567,stop,RESPONS,Meds
1546283502,start,RESPONS,Brush Teeth
1546293904,stop,RESPONS,Brush Teeth
1546300327,start,RESPONS,Meds
1546300584,stop,RESPONS,Meds
1546348197,start,RESPONS,Meds
1546348198,stop,RESPONS,Meds
1546348295,start,RESPONS,Meds
1546348295,stop,RESPONS,Meds
1546348342,start,RESPONS,Meds
1546348386,stop,RESPONS,Meds
1546353948,start,RESPONS,Eye Lubricant
1546353995,stop,RESPONS,Eye Lubricant
1546354086,start,RESPONS,Meds
1546354584,stop,RESPONS,Meds
1546354764,start,RESPONS,Brush Teeth
1546356031,stop,RESPONS,Brush Teeth
1546356814,start,RESPONS,Eye Lubricant
1546356864,stop,RESPONS,Eye Lubricant
1546386398,start,RESPONS,Meds
1546386576,stop,RESPONS,Meds
1546431885,start,RESPONS,Eye Lubricant
1546431914,stop,RESPONS,Eye Lubricant
1546438559,start,RESPONS,Meds
1546438607,stop,RESPONS,Meds
1546445263,start,RESPONS,Brush Teeth
1546446123,stop,RESPONS,Brush Teeth
1546446767,start,RESPONS,Fissure Treatment
1546446871,stop,RESPONS,Fissure Treatment
1546447104,start,RESPONS,Eye Lubricant
1546447208,stop,RESPONS,Eye Lubricant
1546474513,start,RESPONS,Meds
1546474680,stop,RESPONS,Meds
1546522574,start,RESPONS,Eye Lubricant
1546522627,start,RESPONS,Meds
1546522635,stop,RESPONS,Eye Lubricant
1546522739,stop,RESPONS,Meds
1546524537,start,RESPONS,Brush Teeth
1546526313,stop,RESPONS,Brush Teeth
1546526681,start,RESPONS,Fissure Treatment
1546526842,stop,RESPONS,Fissure Treatment
1546561104,start,RESPONS,Meds
1546561495,stop,RESPONS,Meds
1546562693,start,RESPONS,Eye Lubricant
1546563738,stop,RESPONS,Eye Lubricant
1546610359,start,RESPONS,Meds
1546610551,stop,RESPONS,Meds
1546610756,start,RESPONS,Eye Lubricant
1546610795,stop,RESPONS,Eye Lubricant
1546628095,start,RESPONS,Meds
1546637937,start,RESPONS,Fissure Treatment
1546638524,stop,RESPONS,Fissure Treatment
1546638904,start,RESPONS,Eye Lubricant
1546638940,stop,RESPONS,Eye Lubricant
1546654865,start,RESPONS,Meds
1546655113,stop,RESPONS,Meds
1546691383,start,RESPONS,Eye Lubricant
1546691436,stop,RESPONS,Eye Lubricant
1546693666,start,RESPONS,Meds
1546693766,stop,RESPONS,Meds
1546707582,start,RESPONS,Meds
1546738169,start,RESPONS,Meds
1546738466,stop,RESPONS,Meds
1546782097,start,RESPONS,Meds
1546782340,stop,RESPONS,Meds
1546820281,start,RESPONS,Meds
1546820447,stop,RESPONS,Meds
1546867876,start,RESPONS,Meds
1546867921,stop,RESPONS,Meds
1546906242,start,RESPONS,Meds
1546906573,stop,RESPONS,Meds
1546907434,start,RESPONS,Meds
1546907527,stop,RESPONS,Meds
1546956010,start,RESPONS,Meds
1546956037,stop,RESPONS,Meds
1546956846,start,RESPONS,Eye Lubricant
1546956887,stop,RESPONS,Eye Lubricant
1546958448,start,RESPONS,Fissure Treatment
1546958605,start,RESPONS,Eye Lubricant
1546958651,stop,RESPONS,Eye Lubricant
1546991859,start,RESPONS,Meds
1546992096,stop,RESPONS,Meds
1546996319,start,RESPONS,Eye Lubricant
1546996377,stop,RESPONS,Eye Lubricant
1546996398,start,RESPONS,Meds
1546996456,stop,RESPONS,Meds
1547035829,start,RESPONS,Eye Lubricant
1547035879,stop,RESPONS,Eye Lubricant
1547041828,start,RESPONS,Meds
1547041946,stop,RESPONS,Meds
1547041953,start,RESPONS,Meds
1547042365,stop,RESPONS,Meds
1547043037,start,RESPONS,Brush Teeth
1547044523,stop,RESPONS,Brush Teeth
1547045635,start,RESPONS,Eye Lubricant
1547045688,stop,RESPONS,Eye Lubricant
1547079293,start,RESPONS,Meds
1547079427,stop,RESPONS,Meds
1547122605,start,RESPONS,Eye Lubricant
1547123111,stop,RESPONS,Eye Lubricant
1547127964,start,RESPONS,Meds
1547128316,stop,RESPONS,Meds
1547128365,start,RESPONS,Meds
1547128679,stop,RESPONS,Meds
1547148405,start,RESPONS,Meds
1547148439,stop,RESPONS,Meds
1547165853,start,RESPONS,Meds
1547166411,stop,RESPONS,Meds
1547216403,start,RESPONS,Meds
1547216489,stop,RESPONS,Meds
1547217529,start,RESPONS,Eye Lubricant
1547217568,stop,RESPONS,Eye Lubricant
1547255758,start,RESPONS,Meds
1547255808,stop,RESPONS,Meds
1547303583,start,RESPONS,Meds
1547303708,stop,RESPONS,Meds
1547334065,start,RESPONS,Meds
1547334210,stop,RESPONS,Meds
1547391631,start,RESPONS,Meds
1547391752,stop,RESPONS,Meds
1547424251,start,RESPONS,Meds
1547424429,stop,RESPONS,Meds
1547477019,start,RESPONS,Meds
1547477219,stop,RESPONS,Meds
1547511783,start,RESPONS,Meds
1547511847,stop,RESPONS,Meds
1547558930,start,RESPONS,Eye Lubricant
1547558963,stop,RESPONS,Eye Lubricant
1547563311,start,RESPONS,Meds
1547563521,stop,RESPONS,Meds
1547563540,start,RESPONS,Meds
1547564153,start,RESPONS,Brush Teeth
1547569836,stop,RESPONS,Brush Teeth
1547571280,start,RESPONS,Eye Lubricant
1547571316,stop,RESPONS,Eye Lubricant
1547595746,stop,RESPONS,Meds
1547595750,start,RESPONS,Meds
1547596022,stop,RESPONS,Meds
1547648549,start,RESPONS,Meds
1547665797,stop,RESPONS,Meds
1547686869,start,RESPONS,Meds
1547687023,stop,RESPONS,Meds
1547734594,start,RESPONS,Meds
1547734748,stop,RESPONS,Meds
1547774278,start,RESPONS,Meds
1547774471,stop,RESPONS,Meds
1547823579,start,RESPONS,Meds
1547823685,stop,RESPONS,Meds
1547857236,start,RESPONS,Meds
1547857513,stop,RESPONS,Meds
1547910370,start,RESPONS,Eye Lubricant
1547910443,stop,RESPONS,Eye Lubricant
1547914219,start,RESPONS,Meds
1547914277,stop,RESPONS,Meds
1547921778,start,RESPONS,Eye Lubricant
1547921950,stop,RESPONS,Eye Lubricant
1547948834,start,RESPONS,Meds
1547950426,stop,RESPONS,Meds
1547991005,start,RESPONS,Meds
1547991188,stop,RESPONS,Meds
1548026442,start,RESPONS,Meds
1548026707,stop,RESPONS,Meds
1548079482,start,RESPONS,Meds
1548079599,stop,RESPONS,Meds
1548081412,start,RESPONS,Eye Lubricant
1548117698,start,RESPONS,Meds
1548117785,stop,RESPONS,Meds
1548166490,start,RESPONS,Eye Lubricant
1548166586,stop,RESPONS,Eye Lubricant
1548167705,start,RESPONS,Meds
1548168007,stop,RESPONS,Meds
1548168561,start,RESPONS,Meds
1548168731,stop,RESPONS,Meds
1548203716,start,RESPONS,Meds
1548203760,stop,RESPONS,Meds
1548246319,start,RESPONS,Eye Lubricant
1548246412,stop,RESPONS,Eye Lubricant
1548251022,start,RESPONS,Meds
1548251231,stop,RESPONS,Meds
1548293541,start,RESPONS,Meds
1548293596,stop,RESPONS,Meds
1548330160,start,RESPONS,Eye Lubricant
1548330221,stop,RESPONS,Eye Lubricant
1548335351,start,RESPONS,Meds
1548335434,stop,RESPONS,Meds
1548374991,start,RESPONS,Meds
1548375137,stop,RESPONS,Meds
1548418939,start,RESPONS,Eye Lubricant
1548419024,stop,RESPONS,Eye Lubricant
1548424060,start,RESPONS,Meds
1548424102,stop,RESPONS,Meds
1548463036,start,RESPONS,Meds
1548463135,stop,RESPONS,Meds
1548514531,start,RESPONS,Meds
1548514655,stop,RESPONS,Meds
1548515072,start,RESPONS,Meds
1548515423,stop,RESPONS,Meds
1548531163,start,RESPONS,Eye Lubricant
1548531197,stop,RESPONS,Eye Lubricant
1548531216,start,RESPONS,Brush Teeth
1548532054,stop,RESPONS,Brush Teeth
1548551672,start,RESPONS,Meds
1548551902,stop,RESPONS,Meds
1548678995,start,RESPONS,Meds
1548679012,stop,RESPONS,Meds
1548679013,start,RESPONS,Meds
1548679019,stop,RESPONS,Meds
1548685881,start,RESPONS,Meds
1548685985,stop,RESPONS,Meds
1548686569,start,RESPONS,Eye Lubricant
1548686612,stop,RESPONS,Eye Lubricant
1548691510,start,RESPONS,Brush Teeth
1548692684,stop,RESPONS,Brush Teeth
1548693957,start,RESPONS,Fissure Treatment
1548694454,start,RESPONS,Eye Lubricant
1548694576,stop,RESPONS,Eye Lubricant
1548717679,start,RESPONS,Meds
1548717798,stop,RESPONS,Meds
1548764471,start,RESPONS,Eye Lubricant
1548764537,stop,RESPONS,Eye Lubricant
1548769894,start,RESPONS,Meds
1548770296,stop,RESPONS,Meds
1548770958,start,RESPONS,Meds
1548771066,stop,RESPONS,Meds
1548771931,start,RESPONS,Brush Teeth
1548772646,stop,RESPONS,Brush Teeth
1548773325,start,RESPONS,Eye Lubricant
1548773367,stop,RESPONS,Eye Lubricant
1548805553,start,RESPONS,Meds
1548805714,stop,RESPONS,Meds
1548857282,start,RESPONS,Eye Lubricant
1548857337,stop,RESPONS,Eye Lubricant
1548857573,start,RESPONS,Meds
1548857942,stop,RESPONS,Meds
1548858493,start,RESPONS,Meds
1548858541,stop,RESPONS,Meds
1548859453,start,RESPONS,Brush Teeth
1548859936,stop,RESPONS,Brush Teeth
1548860641,start,RESPONS,Eye Lubricant
1548860690,stop,RESPONS,Eye Lubricant
1548896345,start,RESPONS,Meds
1548896422,stop,RESPONS,Meds
1548947272,start,RESPONS,Meds
1548947342,stop,RESPONS,Meds
1548981310,start,RESPONS,Meds
1548981451,stop,RESPONS,Meds
1549024716,start,RESPONS,Eye Lubricant
1549024807,stop,RESPONS,Eye Lubricant
1549025774,start,RESPONS,Meds
1549026300,stop,RESPONS,Meds
1549026456,start,RESPONS,Meds
1549026553,stop,RESPONS,Meds
1549027663,start,RESPONS,Brush Teeth
1549029570,stop,RESPONS,Brush Teeth
1549030366,start,RESPONS,Eye Lubricant
1549030412,stop,RESPONS,Eye Lubricant
1549064160,start,RESPONS,Meds
1549064274,stop,RESPONS,Meds
1549117514,start,RESPONS,Meds
1549117723,stop,RESPONS,Meds
1549151492,start,RESPONS,Meds
1549151630,stop,RESPONS,Meds
1549194747,start,RESPONS,Meds
1549195006,stop,RESPONS,Meds
1549196974,start,RESPONS,Eye Lubricant
1549197033,stop,RESPONS,Eye Lubricant
1549198432,start,RESPONS,Meds
1549243627,start,RESPONS,Meds
1549243669,stop,RESPONS,Meds
1549288687,start,RESPONS,Meds
1549288835,stop,RESPONS,Meds
1549301656,start,RESPONS,Eye Lubricant
1549301750,stop,RESPONS,Eye Lubricant
1549320082,start,RESPONS,Meds
1549320218,stop,RESPONS,Meds
1549371249,start,RESPONS,Meds
1549371409,stop,RESPONS,Meds
1549413081,start,RESPONS,Meds
1549413418,stop,RESPONS,Meds
1549461941,start,RESPONS,Meds
1549462070,stop,RESPONS,Meds
1549499364,start,RESPONS,Meds
1549499565,stop,RESPONS,Meds
1549556839,start,RESPONS,Meds
1549556960,stop,RESPONS,Meds
1549570458,start,RESPONS,Meds
1549596041,start,RESPONS,Meds
1549596278,stop,RESPONS,Meds
1549632308,start,RESPONS,Eye Lubricant
1549632356,stop,RESPONS,Eye Lubricant
1549632962,start,RESPONS,Meds
1549633378,stop,RESPONS,Meds
1549635352,start,RESPONS,Meds
1549635386,stop,RESPONS,Meds
1549679923,start,RESPONS,Meds
1549681340,stop,RESPONS,Meds
1549718408,start,RESPONS,Eye Lubricant
1549718481,stop,RESPONS,Eye Lubricant
1549720715,start,RESPONS,Meds
1549721001,stop,RESPONS,Meds
1549721148,start,RESPONS,Brush Teeth
1549723136,stop,RESPONS,Brush Teeth
1549753295,start,RESPONS,Meds
1549753358,stop,RESPONS,Meds
1549810036,start,RESPONS,Meds
1549810081,stop,RESPONS,Meds
1549853939,start,RESPONS,Meds
1549854324,stop,RESPONS,Meds
1549894490,start,RESPONS,Meds
1549894669,stop,RESPONS,Meds
1549931547,start,RESPONS,Meds
1549931662,stop,RESPONS,Meds
1549979756,start,RESPONS,Meds
1549979775,stop,RESPONS,Meds
1550015909,start,RESPONS,Meds
1550015953,stop,RESPONS,Meds
1550058856,start,RESPONS,Eye Lubricant
1550058911,stop,RESPONS,Eye Lubricant
1550062547,start,RESPONS,Meds
1550063101,stop,RESPONS,Meds
1550064782,start,RESPONS,Meds
1550064909,stop,RESPONS,Meds
1550105499,start,RESPONS,Meds
1550105628,stop,RESPONS,Meds
1550151287,start,RESPONS,Meds
1550151424,stop,RESPONS,Meds
1550193141,start,RESPONS,Meds
1550193243,stop,RESPONS,Meds
1550236970,start,RESPONS,Meds
1550237055,stop,RESPONS,Meds
1550277118,start,RESPONS,Meds
1550277306,stop,RESPONS,Meds
1550327412,start,RESPONS,Meds
1550327532,stop,RESPONS,Meds
1550363687,start,RESPONS,Meds
1550363918,stop,RESPONS,Meds
1550373313,start,RESPONS,Meds
1550373331,stop,RESPONS,Meds
1550414449,start,RESPONS,Meds
1550414649,stop,RESPONS,Meds
1550415318,start,RESPONS,Eye Lubricant
1550415412,stop,RESPONS,Eye Lubricant
1550417513,start,RESPONS,Brush Teeth
1550418496,stop,RESPONS,Brush Teeth
1550419960,start,RESPONS,Eye Lubricant
1550419998,stop,RESPONS,Eye Lubricant
1550457574,start,RESPONS,Meds
1550457632,stop,RESPONS,Meds
1550495438,start,RESPONS,Meds
1550495525,stop,RESPONS,Meds
1550532293,start,RESPONS,Meds
1550533629,stop,RESPONS,Meds
1550582845,start,RESPONS,Meds
1550582934,stop,RESPONS,Meds
1550609568,start,RESPONS,Eye Lubricant
1550609617,stop,RESPONS,Eye Lubricant
1550624766,start,RESPONS,Meds
1550624883,stop,RESPONS,Meds
1550666767,start,RESPONS,Eye Lubricant
1550666846,stop,RESPONS,Eye Lubricant
1550673630,start,RESPONS,Meds
1550702550,stop,RESPONS,Meds
1550705568,start,RESPONS,Meds
1550705736,stop,RESPONS,Meds
478,start,RESPONS,Meds
479,stop,RESPONS,Meds
502,start,RESPONS,Meds
503,stop,RESPONS,Meds
528,start,RESPONS,Meds
529,stop,RESPONS,Meds
550,start,RESPONS,Meds
550,stop,RESPONS,Meds
565,start,RESPONS,Meds
566,stop,RESPONS,Meds
803,start,RESPONS,Meds
804,stop,RESPONS,Meds
1550794637,start,RESPONS,Meds
1550794652,start,RESPONS,Meds
1550794662,stop,RESPONS,Meds
1550795361,start,RESPONS,Meds
1550795584,stop,RESPONS,Meds
1550832001,start,RESPONS,Meds
1550832241,stop,RESPONS,Meds
1550832346,start,RESPONS,Meds
1550832360,stop,RESPONS,Meds
1550832364,start,RESPONS,Meds
1550832596,stop,RESPONS,Meds
1550878220,start,RESPONS,Meds
1550878227,stop,RESPONS,Meds
1550930037,start,RESPONS,Meds
1550930414,stop,RESPONS,Meds
1550965879,start,RESPONS,Meds
1550965978,stop,RESPONS,Meds
1551017695,start,RESPONS,Meds
1551018039,stop,RESPONS,Meds
1551027902,start,RESPONS,Eye Lubricant
1551027960,stop,RESPONS,Eye Lubricant
1551051536,start,RESPONS,Meds
1551051580,stop,RESPONS,Meds
1551097728,start,RESPONS,Eye Lubricant
1551097795,stop,RESPONS,Eye Lubricant
1551107445,start,RESPONS,Meds
1551107673,stop,RESPONS,Meds
1551188811,start,RESPONS,Meds
1551188948,stop,RESPONS,Meds
1551229856,start,RESPONS,Meds
1551230030,stop,RESPONS,Meds
1551274628,start,RESPONS,Meds
1551274638,stop,RESPONS,Meds
1551314634,start,RESPONS,Meds
1551314731,stop,RESPONS,Meds
1551365695,start,RESPONS,Meds
1551365701,stop,RESPONS,Meds
1551401044,start,RESPONS,Meds
1551401155,stop,RESPONS,Meds
1551447442,start,RESPONS,Meds
1551447769,stop,RESPONS,Meds
1551488564,start,RESPONS,Meds
1551488657,stop,RESPONS,Meds
1551533732,start,RESPONS,Eye Lubricant
1551533735,stop,RESPONS,Eye Lubricant
1551533997,start,RESPONS,Meds
1551534263,stop,RESPONS,Meds
1551536421,start,RESPONS,Meds
1551536502,stop,RESPONS,Meds
1551579456,start,RESPONS,Meds
1551579605,stop,RESPONS,Meds
1551625964,start,RESPONS,Meds
<<<<<<< HEAD
1551626032,stop,RESPONS,Meds
1551661156,start,RESPONS,Meds
1551661267,stop,RESPONS,Meds
1551709783,start,RESPONS,Meds
1551709907,stop,RESPONS,Meds
1551744675,start,RESPONS,Meds
1551744769,stop,RESPONS,Meds
1551794841,start,RESPONS,Meds
1551794865,stop,RESPONS,Meds
1551796952,start,RESPONS,Eye Lubricant
1551797108,stop,RESPONS,Eye Lubricant
1551831599,start,RESPONS,Meds
1551831684,stop,RESPONS,Meds
1551874948,start,RESPONS,Eye Lubricant
1551874998,stop,RESPONS,Eye Lubricant
1551879428,start,RESPONS,Meds
1551879462,start,RESPONS,Meds
1551879482,stop,RESPONS,Meds
1551918689,start,RESPONS,Meds
1551918725,stop,RESPONS,Meds
1551967036,start,RESPONS,Meds
1551967048,stop,RESPONS,Meds
1551967057,start,RESPONS,Meds
1551967429,stop,RESPONS,Meds
1552007330,start,RESPONS,Meds
1552007364,stop,RESPONS,Meds
1552054551,start,RESPONS,Meds
1552061543,stop,RESPONS,Meds
1552091272,start,RESPONS,Meds
1552091328,stop,RESPONS,Meds
1552112721,start,RESPONS,Meds
1552142546,stop,RESPONS,Meds
1552142560,start,RESPONS,Meds
1552143412,stop,RESPONS,Meds
1552176973,start,RESPONS,Meds
1552177006,stop,RESPONS,Meds
1552226076,start,RESPONS,Meds
1552226099,stop,RESPONS,Meds
1552259133,start,RESPONS,Meds
1552259163,stop,RESPONS,Meds
1552309780,start,RESPONS,Meds
1552309827,stop,RESPONS,Meds
1552349455,start,RESPONS,Meds
1552349576,stop,RESPONS,Meds
1552389147,start,RESPONS,Eye Lubricant
1552389185,stop,RESPONS,Eye Lubricant
1552396020,start,RESPONS,Meds
1552396064,stop,RESPONS,Meds
1552396171,start,RESPONS,Meds
1552396433,stop,RESPONS,Meds
1552433840,start,RESPONS,Meds
1552434106,stop,RESPONS,Meds
1552479100,start,RESPONS,Meds
1552479182,stop,RESPONS,Meds
27214,start,RESPONS,Meds
27215,stop,RESPONS,Meds
1552481112,start,RESPONS,Meds
1552481120,stop,RESPONS,Meds
1552528276,start,RESPONS,Meds
1552485247,start,RESPONS,Meds
1552571691,start,RESPONS,Meds
1552571721,stop,RESPONS,Meds
1552613712,start,RESPONS,Meds
1552613874,stop,RESPONS,Meds
1552654460,start,RESPONS,Meds
1552654740,stop,RESPONS,Meds
1552690372,start,RESPONS,Meds
1552690622,stop,RESPONS,Meds
1552746927,start,RESPONS,Meds
1552747631,stop,RESPONS,Meds
1552783679,start,RESPONS,Meds
1552783836,stop,RESPONS,Meds
1552829506,start,RESPONS,Meds
1552829887,stop,RESPONS,Meds
1552864078,start,RESPONS,Meds
1552864190,stop,RESPONS,Meds
1552913907,start,RESPONS,Meds
1552914263,stop,RESPONS,Meds
1552957809,start,RESPONS,Meds
1552957941,stop,RESPONS,Meds
1553000325,start,RESPONS,Meds
1553000468,stop,RESPONS,Meds
1553038513,start,RESPONS,Meds
1553038678,stop,RESPONS,Meds
1553092790,start,RESPONS,Meds
1553092855,stop,RESPONS,Meds
1553122019,start,RESPONS,Meds
1553122071,stop,RESPONS,Meds
1553176459,start,RESPONS,Meds
1553176525,stop,RESPONS,Meds
1553261829,start,RESPONS,Meds
1552514534,start,RESPONS,Meds
1552514659,stop,RESPONS,Meds
1552562260,start,RESPONS,Meds
1552562368,stop,RESPONS,Meds
1552911210,start,RESPONS,Eye Lubricant
1552911266,stop,RESPONS,Eye Lubricant
1553385810,start,RESPONS,Meds
1553385897,stop,RESPONS,Meds
1553424036,start,RESPONS,Meds
1553424231,stop,RESPONS,Meds
1553469801,start,RESPONS,Meds
1553518552,stop,RESPONS,Meds
1553518557,start,RESPONS,Meds
1553518659,stop,RESPONS,Meds
1553564647,start,RESPONS,Meds
1553593299,start,RESPONS,Eye Lubricant
1553593358,stop,RESPONS,Eye Lubricant
1553621131,start,RESPONS,Meds
1553621311,stop,RESPONS,Meds
1553646201,start,RESPONS,Meds
1553647917,stop,RESPONS,Meds
1553691144,start,RESPONS,Meds
1553691338,stop,RESPONS,Meds
1553732474,start,RESPONS,Meds
1553732644,stop,RESPONS,Meds
1553785953,start,RESPONS,Meds
1553786020,stop,RESPONS,Meds
1553812377,start,RESPONS,Meds
1553812489,stop,RESPONS,Meds
1553863269,start,RESPONS,Meds
1553863438,stop,RESPONS,Meds
1553899412,start,RESPONS,Meds
1553899548,stop,RESPONS,Meds
1553952188,start,RESPONS,Meds
1553952223,stop,RESPONS,Meds
1553990916,start,RESPONS,Meds
1553991129,stop,RESPONS,Meds
1554038741,start,RESPONS,Meds
1554038855,stop,RESPONS,Meds
1554076485,start,RESPONS,Meds
1554076758,stop,RESPONS,Meds
1554126452,start,RESPONS,Meds
1554126474,stop,RESPONS,Meds
1554163305,start,RESPONS,Meds
1554163438,stop,RESPONS,Meds
1554210605,start,RESPONS,Meds
1554210723,stop,RESPONS,Meds
1554262458,start,RESPONS,Meds
1554262528,stop,RESPONS,Meds
1554298384,start,RESPONS,Meds
1554298472,stop,RESPONS,Meds
1554385402,start,RESPONS,Meds
1554385496,stop,RESPONS,Meds
1554417083,start,RESPONS,Meds
1554417165,stop,RESPONS,Meds
1554471609,start,RESPONS,Meds
1554503422,stop,RESPONS,Meds
1554506625,start,RESPONS,Meds
1554506691,stop,RESPONS,Meds
1554559267,start,RESPONS,Meds
1554559346,stop,RESPONS,Meds
1554596070,start,RESPONS,Meds
1554596230,stop,RESPONS,Meds
1554642965,start,RESPONS,Meds
1554643091,stop,RESPONS,Meds
1554728978,start,RESPONS,Meds
1554729659,stop,RESPONS,Meds
1554764818,start,RESPONS,Meds
1554765039,stop,RESPONS,Meds
1554817673,start,RESPONS,Meds
1554817732,stop,RESPONS,Meds
1554857249,start,RESPONS,Meds
1554857288,stop,RESPONS,Meds
1554903201,start,RESPONS,Meds
1554903285,stop,RESPONS,Meds
1554940934,start,RESPONS,Meds
1554941022,stop,RESPONS,Meds
1554988552,start,RESPONS,Meds
1554988731,stop,RESPONS,Meds
1555030962,start,RESPONS,Meds
1555033212,stop,RESPONS,Meds
1555076176,start,RESPONS,Meds
1555076335,stop,RESPONS,Meds
1555111762,start,RESPONS,Meds
1555111909,stop,RESPONS,Meds
1555164934,start,RESPONS,Meds
1555165057,stop,RESPONS,Meds
1555189729,start,RESPONS,Meds
1555189845,stop,RESPONS,Meds
1555205462,start,RESPONS,Meds
1555249515,start,RESPONS,Meds
1555249593,stop,RESPONS,Meds
1555288349,start,RESPONS,Meds
1555288382,stop,RESPONS,Meds
1555335677,start,RESPONS,Meds
1555335686,stop,RESPONS,Meds
1555371924,start,RESPONS,Meds
1555372029,stop,RESPONS,Meds
1555430947,start,RESPONS,Meds
1555431039,stop,RESPONS,Meds
1555465596,start,RESPONS,Meds
1555465682,stop,RESPONS,Meds
1555503077,start,RESPONS,Meds
1555503237,stop,RESPONS,Meds
1555546321,start,RESPONS,Meds
1555546804,stop,RESPONS,Meds
1555588275,start,RESPONS,Eye Lubricant
1555588404,stop,RESPONS,Eye Lubricant
1555592703,start,RESPONS,Meds
1555592731,stop,RESPONS,Meds
1555635261,start,RESPONS,Meds
1555635402,stop,RESPONS,Meds
1555683090,start,RESPONS,Meds
1555683158,stop,RESPONS,Meds
1555721024,start,RESPONS,Meds
1555721067,stop,RESPONS,Meds
1555758328,start,RESPONS,Meds
1555758543,stop,RESPONS,Meds
1555810014,start,RESPONS,Meds
1555810211,stop,RESPONS,Meds
1555853828,start,RESPONS,Meds
1555853951,stop,RESPONS,Meds
1555889782,start,RESPONS,Meds
1555889879,stop,RESPONS,Meds
1555938477,start,RESPONS,Meds
1555966280,start,RESPONS,Eye Lubricant
1555966309,stop,RESPONS,Eye Lubricant
1555972607,stop,RESPONS,Meds
1555972730,start,RESPONS,Meds
1555972912,stop,RESPONS,Meds
1556025837,start,RESPONS,Meds
1556025854,stop,RESPONS,Meds
1556025915,start,RESPONS,Meds
1556026259,stop,RESPONS,Meds
1556063476,start,RESPONS,Meds
1556063526,stop,RESPONS,Meds
1556110552,start,RESPONS,Meds
1556110608,start,RESPONS,Meds
1556110616,stop,RESPONS,Meds
1556126528,start,RESPONS,Eye Lubricant
1556126553,stop,RESPONS,Eye Lubricant
1556126564,start,RESPONS,Brush Teeth
1556127151,stop,RESPONS,Brush Teeth
1556147046,start,RESPONS,Meds
1556147693,stop,RESPONS,Meds
1556199138,start,RESPONS,Meds
1556199296,stop,RESPONS,Meds
1556239721,start,RESPONS,Meds
1556240018,stop,RESPONS,Meds
1556282004,start,RESPONS,Meds
1556282178,stop,RESPONS,Meds
1556320857,start,RESPONS,Meds
1556321573,stop,RESPONS,Meds
1556367009,start,RESPONS,Meds
1556420779,stop,RESPONS,Meds
1556420806,start,RESPONS,Meds
1556421034,stop,RESPONS,Meds
1556460304,start,RESPONS,Meds
1556460322,stop,RESPONS,Meds
1556500266,start,RESPONS,Meds
1556500433,stop,RESPONS,Meds
1556543394,start,RESPONS,Meds
1556543489,stop,RESPONS,Meds
1556587731,start,RESPONS,Meds
1556587910,stop,RESPONS,Meds
1556634249,start,RESPONS,Meds
1556634612,stop,RESPONS,Meds
1556667544,start,RESPONS,Meds
1556667585,stop,RESPONS,Meds
1556720621,start,RESPONS,Meds
1556720640,stop,RESPONS,Meds
1556750910,start,RESPONS,Meds
1556751090,stop,RESPONS,Meds
1556794246,start,RESPONS,Eye Lubricant
1556794268,stop,RESPONS,Eye Lubricant
1556804145,start,RESPONS,Meds
1556804223,stop,RESPONS,Meds
1556840903,start,RESPONS,Meds
1556840908,stop,RESPONS,Meds
1556888482,start,RESPONS,Meds
1556888881,stop,RESPONS,Meds
1556929391,start,RESPONS,Meds
1556929673,stop,RESPONS,Meds
1556970566,start,RESPONS,Eye Lubricant
1556970601,stop,RESPONS,Eye Lubricant
1556975927,start,RESPONS,Meds
1556975960,stop,RESPONS,Meds
1556976017,start,RESPONS,Meds
1556976027,stop,RESPONS,Meds
1556988196,start,RESPONS,Meds
1556988521,stop,RESPONS,Meds
1556996267,start,RESPONS,Eye Lubricant
1556996287,stop,RESPONS,Eye Lubricant
1557012395,start,RESPONS,Meds
1557012491,stop,RESPONS,Meds
1557062315,start,RESPONS,Meds
1557062369,stop,RESPONS,Meds
1557095995,start,RESPONS,Meds
1557096143,stop,RESPONS,Meds
1557149087,start,RESPONS,Meds
1557153673,stop,RESPONS,Meds
1557185458,start,RESPONS,Meds
1557185683,stop,RESPONS,Meds
1557231823,start,RESPONS,Meds
1557231901,stop,RESPONS,Meds
1557254095,start,RESPONS,Eye Lubricant
1557254146,stop,RESPONS,Eye Lubricant
1557270603,start,RESPONS,Meds
1557270819,stop,RESPONS,Meds
1557322947,start,RESPONS,Meds
1557323008,stop,RESPONS,Meds
1557408627,start,RESPONS,Meds
1557408721,stop,RESPONS,Meds
1557450258,start,RESPONS,Meds
1557450312,stop,RESPONS,Meds
1557495029,start,RESPONS,Meds
1557495091,stop,RESPONS,Meds
1557536236,start,RESPONS,Meds
1557536241,stop,RESPONS,Meds
1557577765,start,RESPONS,Meds
1557577797,stop,RESPONS,Meds
1557624482,start,RESPONS,Meds
1557624586,stop,RESPONS,Meds
1557670945,start,RESPONS,Meds
1557671109,stop,RESPONS,Meds
1557702195,start,RESPONS,Meds
1557702219,stop,RESPONS,Meds
1557796653,start,RESPONS,Meds
1557796702,stop,RESPONS,Meds
1557839226,start,RESPONS,Meds
1557839250,stop,RESPONS,Meds
1557923691,start,RESPONS,Meds
